<appaction uniquename="ans__SubmitRequest!bd44c0a39f654e35acef7b0b70a1dce1!ans_PromptandResponse!ans_request!0">
  <appmoduleid>
    <uniquename>ans_PromptandResponse</uniquename>
  </appmoduleid>
  <buttonlabeltext default="Submit Request">
    <label description="Submit Request" languagecode="1033" />
  </buttonlabeltext>
  <context>1</context>
  <contextentity>
    <logicalname>ans_request</logicalname>
  </contextentity>
  <contextvalue>ans_request</contextvalue>
  <fonticon>$clientsvg:Accept</fonticon>
  <hidden>0</hidden>
  <iscustomizable>1</iscustomizable>
  <isdisabled>0</isdisabled>
  <isgrouptitlehidden>0</isgrouptitlehidden>
  <location>0</location>
  <name>SubmitRequest!bd44c0a39f654e35acef7b0b70a1dce1</name>
  <onclickeventformulacomponentlibraryid>
    <name>ans_promptandresponsedefaultcommandlibrary_acf5f</name>
  </onclickeventformulacomponentlibraryid>
  <onclickeventformulacomponentname>c47fc74be4a54a088b1ca6b0437f6c44</onclickeventformulacomponentname>
  <onclickeventformulafunctionname>OnSelect</onclickeventformulafunctionname>
  <onclickeventtype>1</onclickeventtype>
  <origin>0</origin>
  <sequence>100100015.0000000000</sequence>
  <statecode>0</statecode>
  <statuscode>1</statuscode>
  <type>0</type>
  <visibilityformulacomponentlibraryid>
    <name>ans_promptandresponsedefaultcommandlibrary_acf5f</name>
  </visibilityformulacomponentlibraryid>
  <visibilityformulacomponentname>c47fc74be4a54a088b1ca6b0437f6c44</visibilityformulacomponentname>
  <visibilityformulafunctionname>Visible</visibilityformulafunctionname>
  <visibilitytype>1</visibilitytype>
</appaction>