<ImportExportXml version="9.2.24043.208" SolutionPackageVersion="9.2" languagecode="1033" generatedBy="CrmLive" xmlns:xsi="http://www.w3.org/2001/XMLSchema-instance">
  <SolutionManifest>
    <UniqueName>JustAskIt</UniqueName>
    <LocalizedNames>
      <LocalizedName description="JustAskIt" languagecode="1033" />
    </LocalizedNames>
    <Descriptions />
    <Version>1.0.0.14</Version>
    <Managed>0</Managed>
    <Publisher>
      <UniqueName>JustAskIt</UniqueName>
      <LocalizedNames>
        <LocalizedName description="JustAskIt" languagecode="1033" />
      </LocalizedNames>
      <Descriptions />
      <EMailAddress xsi:nil="true"></EMailAddress>
      <SupportingWebsiteUrl xsi:nil="true"></SupportingWebsiteUrl>
      <CustomizationPrefix>jai</CustomizationPrefix>
      <CustomizationOptionValuePrefix>83202</CustomizationOptionValuePrefix>
      <Addresses>
        <Address>
          <AddressNumber>1</AddressNumber>
          <AddressTypeCode>1</AddressTypeCode>
          <City xsi:nil="true"></City>
          <County xsi:nil="true"></County>
          <Country xsi:nil="true"></Country>
          <Fax xsi:nil="true"></Fax>
          <FreightTermsCode xsi:nil="true"></FreightTermsCode>
          <ImportSequenceNumber xsi:nil="true"></ImportSequenceNumber>
          <Latitude xsi:nil="true"></Latitude>
          <Line1 xsi:nil="true"></Line1>
          <Line2 xsi:nil="true"></Line2>
          <Line3 xsi:nil="true"></Line3>
          <Longitude xsi:nil="true"></Longitude>
          <Name xsi:nil="true"></Name>
          <PostalCode xsi:nil="true"></PostalCode>
          <PostOfficeBox xsi:nil="true"></PostOfficeBox>
          <PrimaryContactName xsi:nil="true"></PrimaryContactName>
          <ShippingMethodCode>1</ShippingMethodCode>
          <StateOrProvince xsi:nil="true"></StateOrProvince>
          <Telephone1 xsi:nil="true"></Telephone1>
          <Telephone2 xsi:nil="true"></Telephone2>
          <Telephone3 xsi:nil="true"></Telephone3>
          <TimeZoneRuleVersionNumber xsi:nil="true"></TimeZoneRuleVersionNumber>
          <UPSZone xsi:nil="true"></UPSZone>
          <UTCOffset xsi:nil="true"></UTCOffset>
          <UTCConversionTimeZoneCode xsi:nil="true"></UTCConversionTimeZoneCode>
        </Address>
        <Address>
          <AddressNumber>2</AddressNumber>
          <AddressTypeCode>1</AddressTypeCode>
          <City xsi:nil="true"></City>
          <County xsi:nil="true"></County>
          <Country xsi:nil="true"></Country>
          <Fax xsi:nil="true"></Fax>
          <FreightTermsCode xsi:nil="true"></FreightTermsCode>
          <ImportSequenceNumber xsi:nil="true"></ImportSequenceNumber>
          <Latitude xsi:nil="true"></Latitude>
          <Line1 xsi:nil="true"></Line1>
          <Line2 xsi:nil="true"></Line2>
          <Line3 xsi:nil="true"></Line3>
          <Longitude xsi:nil="true"></Longitude>
          <Name xsi:nil="true"></Name>
          <PostalCode xsi:nil="true"></PostalCode>
          <PostOfficeBox xsi:nil="true"></PostOfficeBox>
          <PrimaryContactName xsi:nil="true"></PrimaryContactName>
          <ShippingMethodCode>1</ShippingMethodCode>
          <StateOrProvince xsi:nil="true"></StateOrProvince>
          <Telephone1 xsi:nil="true"></Telephone1>
          <Telephone2 xsi:nil="true"></Telephone2>
          <Telephone3 xsi:nil="true"></Telephone3>
          <TimeZoneRuleVersionNumber xsi:nil="true"></TimeZoneRuleVersionNumber>
          <UPSZone xsi:nil="true"></UPSZone>
          <UTCOffset xsi:nil="true"></UTCOffset>
          <UTCConversionTimeZoneCode xsi:nil="true"></UTCConversionTimeZoneCode>
        </Address>
      </Addresses>
    </Publisher>
    <RootComponents>
      <RootComponent type="1" schemaName="ans_feedback" behavior="0" />
      <RootComponent type="1" schemaName="ans_model" behavior="0" />
      <RootComponent type="1" schemaName="ans_parameter" behavior="0" />
      <RootComponent type="1" schemaName="ans_parametervalue" behavior="0" />
      <RootComponent type="1" schemaName="ans_prompt" behavior="0" />
      <RootComponent type="1" schemaName="ans_promptrule" behavior="0" />
      <RootComponent type="1" schemaName="ans_request" behavior="0" />
      <RootComponent type="1" schemaName="ans_requesttype" behavior="0" />
      <RootComponent type="1" schemaName="ans_response" behavior="0" />
      <RootComponent type="1" schemaName="ans_rule" behavior="0" />
      <RootComponent type="1" schemaName="ans_upload" behavior="0" />
      <RootComponent type="1" schemaName="jai_parentchildprompt" behavior="0" />
      <RootComponent type="1" schemaName="jai_parentprompt" behavior="0" />
      <RootComponent type="9" schemaName="ans_promptfeedbackratingchoice" behavior="0" />
      <RootComponent type="29" id="{0270a1a9-12b9-ee11-9078-002248004ea0}" behavior="0" />
      <RootComponent type="29" id="{23412720-5ca9-ee11-be37-0022480040a1}" behavior="0" />
      <RootComponent type="29" id="{7ba33351-75b8-ee11-9078-002248004ea0}" behavior="0" />
      <RootComponent type="29" id="{84e54119-76b8-ee11-9078-002248004ea0}" behavior="0" />
      <RootComponent type="29" id="{b087197d-79aa-ee11-be37-002248004d0a}" behavior="0" />
      <RootComponent type="29" id="{d5af18de-0bb9-ee11-9078-0022480040a1}" behavior="0" />
      <RootComponent type="29" id="{e57de9d1-cf7b-ee11-8179-0022480040a1}" behavior="0" />
      <RootComponent type="60" id="{021127bd-829e-ee11-be37-002248004ea0}" behavior="0" />
      <RootComponent type="60" id="{4e621699-699e-ee11-be37-002248004d0a}" />
      <RootComponent type="61" schemaName="ans_chartdisplay" behavior="0" />
      <RootComponent type="61" schemaName="ans_disclaimer" behavior="0" />
      <RootComponent type="61" schemaName="ans_feedback" behavior="0" />
      <RootComponent type="61" schemaName="ans_prompt" behavior="0" />
      <RootComponent type="61" schemaName="ans_request" behavior="0" />
      <RootComponent type="61" schemaName="ans_response" behavior="0" />
      <RootComponent type="61" schemaName="ans_rule" behavior="0" />
      <RootComponent type="61" schemaName="crbe6_request_formscript" behavior="0" />
      <RootComponent type="61" schemaName="crbe6_response_form_script" behavior="0" />
      <RootComponent type="61" schemaName="jai_html_request_guide" behavior="0" />
      <RootComponent type="61" schemaName="jai_response_display" behavior="0" />
      <RootComponent type="62" schemaName="ans_PromptandResponse" behavior="0" />
      <RootComponent type="62" schemaName="jai_PromptAdministration" behavior="0" />
      <RootComponent type="80" schemaName="ans_PromptandResponse" behavior="0" />
      <RootComponent type="80" schemaName="jai_PromptAdministration" behavior="0" />
      <RootComponent type="300" schemaName="ans_promptandresponsedefaultcommandlibrary_acf5f" behavior="0" />
      <RootComponent type="300" schemaName="jai_createparentprompt_7005f" behavior="0" />
      <RootComponent type="300" schemaName="jai_justaskitlandingpage_202d6" behavior="0" />
      <RootComponent type="300" schemaName="jai_promptdoctor_36cac" behavior="0" />
      <RootComponent type="372" id="{22be469a-b40e-4e25-87c2-5b9a78caa96a}" schemaName="ans_azure-20open-20ai-20chat-2dgpt-20model" behavior="0" />
    </RootComponents>
    <MissingDependencies>
      <MissingDependency>
        <Required type="61" schemaName="msdyn_/Images/AppModule_Default_Icon.png" displayName="msdyn_/Images/AppModule_Default_Icon.png" solution="AppModuleWebResources (2.5)" />
        <Dependent type="80" schemaName="ans_PromptandResponse" displayName="JustAskIt" />
      </MissingDependency>
      <MissingDependency>
        <Required type="61" schemaName="msdyn_/Images/AppModule_Default_Icon.png" displayName="msdyn_/Images/AppModule_Default_Icon.png" solution="AppModuleWebResources (2.5)" />
        <Dependent type="80" schemaName="jai_PromptAdministration" displayName="Prompt Administration" />
      </MissingDependency>
      <MissingDependency>
        <Required type="61" schemaName="msdyn_CopilotIcon.svg" displayName="msdyn_CopilotIcon.svg" solution="msdyn_AppCopilotFeatures (1.0.0.21)" />
        <Dependent type="62" schemaName="jai_PromptAdministration" />
      </MissingDependency>
      <MissingDependency>
        <Required type="SettingDefinition" displayName="AllowNotificationsEarlyAccess" solution="AppNotifications (10.0.0.16)" id.uniquename="AllowNotificationsEarlyAccess" />
        <Dependent type="AppSetting" displayName="parentappmoduleid.uniquename=ans_PromptandResponse,settingdefinitionid.uniquename=AllowNotificationsEarlyAccess" id.parentappmoduleid.uniquename="ans_PromptandResponse" id.settingdefinitionid.uniquename="AllowNotificationsEarlyAccess" />
      </MissingDependency>
    </MissingDependencies>
  </SolutionManifest>
</ImportExportXml>