{
  "properties": {
    "connectionReferences": {
      "shared_commondataserviceforapps_1": {
        "runtimeSource": "embedded",
        "connection": {
          "connectionReferenceLogicalName": "jai_sharedcommondataserviceforapps_ab4d0"
        },
        "api": {
          "name": "shared_commondataserviceforapps"
        }
      }
    },
    "definition": {
      "$schema": "https://schema.management.azure.com/providers/Microsoft.Logic/schemas/2016-06-01/workflowdefinition.json#",
      "contentVersion": "1.0.0.0",
      "parameters": {
        "$connections": {
          "defaultValue": {},
          "type": "Object"
        },
        "$authentication": {
          "defaultValue": {},
          "type": "SecureObject"
        }
      },
      "triggers": {
        "When_a_row_is_added,_modified_or_deleted": {
          "metadata": {
            "operationMetadataId": "09643d82-11a2-4241-839a-1c2a8484b9d4"
          },
          "type": "OpenApiConnectionWebhook",
          "inputs": {
            "host": {
              "connectionName": "shared_commondataserviceforapps_1",
              "operationId": "SubscribeWebhookTrigger",
              "apiId": "/providers/Microsoft.PowerApps/apis/shared_commondataserviceforapps"
            },
            "parameters": {
              "subscriptionRequest/message": 4,
              "subscriptionRequest/entityname": "ans_rule",
              "subscriptionRequest/scope": 4,
              "subscriptionRequest/filteringattributes": "ans_ruletext"
            },
            "authentication": "@parameters('$authentication')"
          }
        }
      },
      "actions": {
        "Delay": {
          "runAfter": {},
          "metadata": {
            "operationMetadataId": "795554db-7cca-44d5-8af0-0a4ce58b609e"
          },
          "type": "Wait",
          "inputs": {
            "interval": {
              "count": 10,
              "unit": "Second"
            }
          }
        },
        "Update_a_row": {
          "runAfter": {
            "Delay": [
              "Succeeded"
            ]
          },
          "metadata": {
            "operationMetadataId": "0333521c-77a6-4cee-8cee-cfe8117aa874"
          },
          "type": "OpenApiConnection",
          "inputs": {
            "host": {
              "connectionName": "shared_commondataserviceforapps_1",
              "operationId": "UpdateRecord",
              "apiId": "/providers/Microsoft.PowerApps/apis/shared_commondataserviceforapps"
            },
            "parameters": {
              "entityName": "ans_rules",
              "recordId": "@triggerOutputs()?['body/ans_ruleid']",
              "item/ans_ruleref": "@triggerOutputs()?['body/ans_ruletext']"
            },
            "authentication": "@parameters('$authentication')"
          }
        }
      }
    },
    "templateName": ""
  },
  "schemaVersion": "1.0.0.0"
}